Rank,Name,Position,School
1,Travis Hunter,ATH,Colorado
2,Abdul Carter,EDGE,Penn State
3,Cam Ward,QB,Miami (Fla.)
4,Mason Graham,DL,Michigan
5,Tetairoa McMillan,WR,Arizona
6,Will Campbell,OT,LSU
7,Jalon Walker,LB,Georgia
8,Armand Membou,OT,Missouri
9,Kelvin Banks Jr.,OT,Texas
10,Ashton Jeanty,RB,Boise St.
11,Mike Green,EDGE,Marshall
12,Colston Loveland,TE,Michigan
13,Jihaad Campbell,LB,Alabama
14,Luther Burden III,WR,Missouri
15,Walter Nolen,DL,Ole Miss
16,Josh Simmons,OT,Ohio State
17,Will Johnson,CB,Michigan
18,Malaki Starks,S,Georgia
19,Nick Emmanwori,S,South Carolina
20,James Pearce Jr.,EDGE,Tennessee
21,Jahdae Barron,CB,Texas
22,Matthew Golden,WR,Texas
23,Tyler Booker,IOL,Alabama
24,Mykel Williams,EDGE,Georgia
25,Derrick Harmon,DL,Oregon
26,Maxwell Hairston,CB,Kentucky
27,Grey Zabel,IOL,N. Dakota St.
28,Shedeur Sanders,QB,Colorado
29,Emeka Egbuka,WR,Ohio State
30,Tyler Warren,TE,Penn State
31,Josh Conerly Jr.,OT,Oregon
32,Shemar Stewart,EDGE,Texas A&M
33,Shavon Revel Jr.,CB,East Carolina
34,Benjamin Morrison,CB,Notre Dame
35,Nic Scourton,EDGE,Texas A&M
36,Kenneth Grant,DL,Michigan
37,Trey Amos,CB,Ole Miss
38,Omarion Hampton,RB,North Carolina
39,Donovan Jackson,IOL,Ohio State
40,Donovan Ezeiruaku,EDGE,Boston College
41,Tyleik Williams,DL,Ohio State
42,Darius Alexander,DL,Toledo
43,Jayden Higgins,WR,Iowa St.
44,Aireontae Ersery,OT,Minnesota
45,Carson Schwesinger,LB,UCLA
46,JT Tuimoloau,EDGE,Ohio State
47,Deone Walker,DL,Kentucky
48,Azareye'h Thomas,CB,Florida State
49,Kevin Winston Jr.,S,Penn State
50,Jaxson Dart,QB,Ole Miss
51,T.J. Sanders,DL,South Carolina
52,Landon Jackson,EDGE,Arkansas
53,Jack Sawyer,EDGE,Ohio State
54,Harold Fannin Jr.,TE,Bowling Green
55,Wyatt Milum,OT,West Virginia
56,Omarr Norman-Lott,DL,Tennessee
57,Jonah Savaiinaea,IOL,Arizona
58,CJ West,DL,Indiana
59,Jared Ivey,EDGE,Ole Miss
60,Mason Taylor,TE,LSU
61,Bradyn Swinson,EDGE,LSU
62,Darien Porter,CB,Iowa St.
63,Logan Brown,OT,Kansas
64,Isaiah Bond,WR,Texas
65,Alfred Collins,DL,Texas
66,Jalen Royals,WR,Utah St.
67,Charles Grant,OT,William & Mary
68,Ozzy Trapilo,OT,Boston College
69,Cameron Williams,OT,Texas
70,Tre Harris,WR,Ole Miss
71,Jack Bech,WR,TCU
72,Tai Felton,WR,Maryland
73,Princely Umanmielen,EDGE,Ole Miss
74,Jared Wilson,IOL,Georgia
75,Vernon Broughton,DL,Texas
76,Marcus Mbow,OT,Purdue
77,Bilhal Kone,CB,W. Michigan
78,Emery Jones Jr.,OL,LSU
79,Sai'vion Jones,DL,LSU
80,Joshua Farmer,DL,Florida State
81,Xavier Watts,S,Notre Dame
82,Elijah Arroyo,TE,Miami (Fla.)
83,Oluwafemi Oladejo,EDGE,UCLA
84,Terrance Ferguson,TE,Oregon
85,Elic Ayomanor,WR,Stanford
86,TreVeyon Henderson,RB,Ohio State
87,David Walker,EDGE,Cent. Ark.
88,Kyle Williams,WR,Washington St.
89,Quinshon Judkins,RB,Ohio State
90,Josaiah Stewart,EDGE,Michigan
91,Jalen Travis,OT,Iowa St.
92,Bhayshul Tuten,RB,Virginia Tech
93,Jaylin Smith,CB,USC
94,Jalen Milroe,QB,Alabama
95,Kyle Kennard,EDGE,South Carolina
96,Jacob Parrish,CB,Kansas State
97,Jaylin Noel,WR,Iowa St.
98,Miles Frazier,IOL,LSU
99,Will Howard,QB,Ohio State
100,Zah Frazier,CB,UTSA
101,Aeneas Peebles,DL,Virginia Tech
102,Tory Horton,WR,Colorado St.
103,Kaleb Johnson,RB,Iowa
104,Shemar Turner,DL,Texas A&M
105,Tate Ratledge,IOL,Georgia
106,RJ Harvey,RB,UCF
107,Quinn Ewers,QB,Texas
108,Kyle McCord,QB,Syracuse
109,Gunnar Helm,TE,Texas
110,Andrew Mukuba,S,Texas
111,Jarquez Hunter,RB,Auburn
112,Demetrius Knight Jr.,LB,South Carolina
113,Anthony Belton,IOL,NC State
114,Brashard Smith,RB,SMU
115,Jordan Burch,DL,Oregon
116,Denzel Burke,CB,Ohio State
117,Tyler Shough,QB,Louisville
118,Tyler Baron,EDGE,Miami (Fla.)
119,Que Robinson,EDGE,Alabama
120,JJ Pegues,DL,Ole Miss
121,Nohl Williams,CB,California
122,Elijah Roberts,EDGE,SMU
123,Jordan Hancock,CB,Ohio State
124,Zy Alexander,CB,LSU
125,Justin Walley,CB,Minnesota
126,Danny Stutsman,LB,Oklahoma
127,Clay Webb,IOL,Jacksonville St.
128,Chris Paul Jr.,LB,Ole Miss
129,Ajani Cornelius,IOL,Oregon
130,Jonas Sanker,S,Virginia
131,Damien Martinez,RB,Miami (Fla.)
132,Barryn Sorrell,EDGE,Texas
133,Cam Skattebo,RB,Arizona St.
134,Savion Williams,WR,TCU
135,Ty Robinson,DL,Nebraska
136,Quincy Riley,CB,Louisville
137,Ashton Gillotte,EDGE,Louisville
138,Tez Johnson,WR,Oregon
139,Lathan Ransom,S,Ohio State
140,DJ Giddens,RB,Kansas State
141,Alijah Huzzie,CB,North Carolina
142,Jaylin Lane,WR,Virginia Tech
143,Jah Joyner,EDGE,Minnesota
144,CJ Dippre,TE,Alabama
145,Jack Kiser,LB,Notre Dame
146,Dylan Sampson,RB,Tennessee
147,Jaylen Reed,S,Penn State
148,Isaac TeSlaa,WR,Arkansas
149,Dylan Fairchild,IOL,Georgia
150,Tahj Brooks,RB,Texas Tech
151,Kobe King,LB,Penn State
152,Barrett Carter,LB,Clemson
153,Tonka Hemingway,DL,South Carolina
154,Caleb Ransaw,CB,Tulane
155,Elijhah Badger,WR,Florida
156,Jamon Dumas-Johnson,LB,Kentucky
157,Korie Black,CB,Oklahoma State
158,Howard Cross III,DL,Notre Dame
159,Antwaun Powell-Ryland,EDGE,Virginia Tech
160,Upton Stout,CB,W. Kentucky
161,Dillon Gabriel,QB,Oregon
162,Caleb Rogers,OT,Texas Tech
163,Jordan James,RB,Oregon
164,Ollie Gordon II,RB,Oklahoma State
165,R.J. Mickens,S,Clemson
166,Kalel Mullings,RB,Michigan
167,Carson Vinson,OT,Alabama A&M
168,Cobee Bryant,CB,Kansas
169,Dorian Strong,CB,Virginia Tech
170,Isaiah Neyor,WR,Nebraska
171,Simeon Barrow Jr.,DL,Miami (Fla.)
172,Collin Oliver,LB,Oklahoma State
173,Kyle Monangai,RB,Rutgers
174,Corey Kiner,RB,Cincinnati
175,John Williams,OT,Cincinnati
176,Kobe Hudson,WR,UCF
177,Dont'e Thornton Jr.,WR,Tennessee
178,Oronde Gadsden II,TE,Syracuse
179,Mac McWilliams,CB,UCF
180,Jermari Harris,CB,Iowa
181,Pat Bryant,WR,Illinois
182,Jeffrey Bassa,LB,Oregon
183,Kaimon Rucker,EDGE,North Carolina
184,Mello Dotson,CB,Kansas
185,Trevor Etienne,RB,Georgia
186,Ben Yurosek,TE,Georgia
187,Jacory Croskey-Merritt,RB,Arizona
188,Jordan Phillips,DL,Maryland
189,Billy Bowman Jr.,S,Oklahoma
190,Francisco Mauigoa,LB,Miami (Fla.)
191,Robert Longerbeam,CB,Rutgers
192,Joshua Gray,OT,Oregon State
193,Tommi Hill,CB,Nebraska
194,Chase Lundt,OT,UConn
195,Cody Simon,LB,Ohio State
196,LeQuint Allen,RB,Syracuse
197,Tyrion Ingram-Dawkins,DL,Georgia
198,Malachi Moore,CB,Alabama
199,Nick Martin,LB,Oklahoma State
200,Jamaree Caldwell,DL,Oregon
201,Rylie Mills,DL,Notre Dame
202,Jackson Slater,IOL,Sacramento St.
203,O'Donnell Fortune,CB,South Carolina
204,Mitchell Evans,TE,Notre Dame
205,Xavier Restrepo,WR,Miami (Fla.)
206,Jared Harrison-Hunte,DL,SMU
207,Thomas Fidone II,TE,Nebraska
208,Sebastian Castro,CB,Iowa
209,KeAndre Lambert-Smith,WR,Auburn
210,Marcus Wehr,IOL,Montana St.
211,Craig Woodson,S,California
212,Warren Brinson,DL,Georgia
213,Jake Briningstool,TE,Clemson
214,Jalen Rivers,IOL,Miami (Fla.)
215,Ty Hamilton,DL,Ohio State
216,Woody Marks,RB,USC
217,Gus Hartwig,IOL,Purdue
218,Donovan Edwards,RB,Michigan
219,Hunter Wohler,S,Wisconsin
220,Riley Leonard,QB,Notre Dame
221,Yahya Black,CB,Iowa
222,Traeshon Holden,WR,Oregon
223,Jack Nelson,OT,Wisconsin
224,Jaydon Blue,RB,Texas
225,Cam Jackson,DL,Florida
226,Phil Mafah,RB,Clemson
227,Raheim Sanders,RB,South Carolina
228,Bru McCoy,WR,Tennessee
229,Brandon Crenshaw-Dickson,OT,Florida
230,Connor Colby,IOL,Iowa
231,Chandler Martin,LB,Memphis
232,Luke Newman,OT,Michigan St.
233,Kain Medrano,LB,UCLA
234,Carson Bruener,LB,Washington
235,Jay Higgins,LB,Iowa
236,Tyler Batty,EDGE,BYU
237,Teddye Buchanan,LB,California
238,Brady Cook,QB,Missouri
239,Ricky White III,WR,UNLV
240,Jabbar Muhammad,CB,Oregon
241,Fadil Diggs,EDGE,Syracuse
242,Hollin Pierce,OT,Rutgers
243,Jalin Conyers,TE,Texas Tech
244,Luke Kandra,IOL,Cincinnati
245,Jackson Hawes,TE,Georgia Tech
246,Dante Trader Jr.,S,Maryland
247,Devin Neal,RB,Kansas
248,BJ Adams,S,UCF
249,Willie Lampkin,IOL,North Carolina
250,Chimere Dike,WR,Florida
251,Eugene Asante,LB,Auburn
252,Graham Mertz,QB,Florida
253,Jay Toia,DL,UCLA
254,Seth McLaughlin,IOL,Ohio State
255,Jimmy Horn Jr.,WR,Colorado
256,Nick Nash,WR,San Jose St.
257,Dominic Lovett,WR,Georgia
258,Jalen McLeod,LB,Auburn
259,Theo Wease Jr.,WR,Missouri
260,Jacob Bayer,IOL,Arkansas St.
261,Eli Cox,IOL,Kentucky
262,Efton Chism III,WR,E. Washington
263,Gavin Bartholomew,TE,Pittsburgh
264,Moliki Matavao,TE,UCLA
265,Zeek Biggers,DL,Georgia Tech
266,Kaden Prather,WR,Maryland
267,Jake Majors,OT,Texas
268,Ja'Quinden Jackson,RB,Arkansas
269,Andres Borregales,K,Miami (Fla.)
270,Marques Sigle,S,Kansas State
271,Will Sheppard,WR,Colorado
272,Eric Gregory,DL,Arkansas
273,Deshawn Pace,LB,UCF
274,Tyler Cooper,IOL,Minnesota
275,Roc Taylor,WR,Memphis
276,Drew Kendall,IOL,Boston College
277,Shemar James,LB,Florida
278,Tim Smith,DL,Alabama
279,Marcus Harris,S,California
280,Andrew Armstrong,WR,Arkansas
281,Shaun Dolac,LB,Buffalo
282,Jason Marshall Jr.,CB,Florida
283,Garrett Dellinger,IOL,LSU
284,Phillip Webb,EDGE,Jackson St.
285,Nazir Stackhouse,DL,Georgia
286,Lan Larison,RB,UC-Davis
287,Konata Mumpfield,WR,Pittsburgh
288,Bryce Cabeldue,OT,Kansas
289,Seth Henigan,QB,Memphis
290,Maxen Hook,S,Toledo
291,Xavier Truss,OT,Georgia
292,Tommy Akingbesote,DL,Maryland
293,Jonah Monheim,OT,USC
294,Karene Reid,LB,Utah
295,Cam Miller,QB,N. Dakota St.
296,Isas Waxter,CB,Villanova
297,Da'Quan Felton,WR,Virginia Tech
298,Joe Evans,DL,UTSA
299,Branson Taylor,OT,Pittsburgh
300,Myles Hinton,OT,Michigan
301,Sam Brown Jr.,WR,Miami (Fla.)
302,Kyonte Hamilton,DL,Rutgers
303,Ahmed Hassanein,EDGE,Boise St.
304,Trey Wedig,OT,Indiana
305,Cam Horsley,DL,Boston College
306,Joshua Simon,TE,South Carolina
307,Nash Hutmacher,DL,Nebraska
308,Jordan Watkins,WR,Ole Miss
309,Joe Huber,IOL,Wisconsin
310,Ja'Corey Brooks,WR,Louisville
311,Junior Tafuna,DL,Utah
312,Elijah Simmons,DL,Tennessee
313,Zakhari Franklin,WR,Illinois
314,Kitan Crawford,S,Nevada
315,Mike Smith Jr.,S,E. Kentucky
316,Elijah Ponder,EDGE,Cal-Poly
317,Jackson Woodard,LB,UNLV
318,Esa Pole,OT,Washington St.
319,Dan Jackson,S,Georgia
320,Robbie Ouzts,TE,Alabama
321,Taylor Morin,WR,Wake Forest
322,Luke Lachey,TE,Iowa
323,D'Eryk Jackson,LB,Kentucky
324,Garnett Hollis Jr.,CB,West Virginia
325,Cody Lindenberg,LB,Minnesota
326,Rayuan Lane III,S,Navy
327,Jackson Meeks,WR,Syracuse
328,Keondre Jackson,S,Illinois St.
329,Robert McDaniel,S,Jackson St.
330,Tyreem Powell,LB,Rutgers
331,Steve Linton,EDGE,Baylor
332,Payton Page,DL,Clemson
333,Addison West,IOL,W. Michigan
334,Dean Clark,S,Fresno St.
335,Torricelli Simpkins III,IOL,South Carolina
336,Arian Smith,WR,Georgia
337,Marcus Yarns,RB,Delaware
338,Bam Martin-Scott,LB,South Carolina
339,Ulysses Bentley IV,RB,SMU
340,Montrell Johnson Jr.,RB,Florida
341,Jordan Clark,CB,Notre Dame
342,Brant Kuithe,TE,Utah
343,Kurtis Rourke,QB,Indiana
344,Beaux Collins,WR,Notre Dame
345,Max Brosmer,QB,Minnesota
346,Hayden Conner,IOL,Texas
347,Malik Verdon,S,Iowa St.
348,Marcus Tate,IOL,Clemson
349,Gerad Christian-Lichtenhan,OT,Oregon State
350,Jamaal Pritchett,WR,South Alabama
351,Power Echols,LB,North Carolina
352,Jacolby George,WR,Miami (Fla.)
353,Davin Vann,DL,NC State
354,Johnathan Edwards,CB,Tulane
355,Kenny Gallop Jr.,S,Howard
356,RJ Oben,EDGE,Notre Dame
357,Timothy McKay,IOL,NC State
358,Chaz Chambliss,LB,Georgia
359,Josh Kelly,WR,Texas Tech
360,Johnny Walker Jr.,EDGE,Missouri
361,DeAndre Jules,DL,South Carolina
362,Trey Rucker,S,Oklahoma State
363,Ethan Downs,EDGE,Oklahoma
364,Antwane Wells Jr.,WR,Ole Miss
365,Jahvaree Ritzie,DL,North Carolina
366,Danny Striggow,EDGE,Minnesota
367,Justin Barron,LB,Syracuse
368,Rivaldo Fairweather,TE,Auburn
369,Ruben Hyppolite II,LB,Maryland
370,Alijah Clark,CB,Syracuse
371,James Burnip,P,Alabama
372,Daniel Jackson,WR,Minnesota
373,Javontez Spraggins,IOL,Tennessee
374,Jasheen Davis,EDGE,Wake Forest
375,Akili Arnold,S,USC
376,Ryan Fitzgerald,K,Florida State
377,Thomas Perry,IOL,Middlebury College
378,Bryson Nesbit,TE,North Carolina
379,Taylor Elgersma,QB,Laurier
380,DJ Uiagalelei,QB,Florida State
381,J.R. Singleton,DL,Iowa St.
382,Shilo Sanders,S,Colorado
383,BJ Green II,EDGE,Colorado
384,Dalton Cooper,OT,Oklahoma State
385,Aaron Smith,LB,SC State
386,Jailin Walker,LB,Indiana
387,Robert Scott Jr.,OT,Florida State
388,LaJohntay Wester,WR,Colorado
389,Jack Conley,IOL,Boston College
390,Jestin Jacobs,LB,Oregon
391,Chico Bennett Jr.,LB,Virginia
392,Seth Coleman,EDGE,Illinois
393,Jeremy Crawshaw,P,Florida
394,Jalen Kimber,CB,Penn State
395,Greedy Vance Jr.,CB,USC
396,Demie Sumo-Karngbaye,RB,Kentucky
397,Tyron Herring,CB,Delaware
398,Micah Bernard,RB,Utah
399,Lawrance Toafili,RB,Florida State
400,Caden Prieskorn,TE,Ole Miss
401,Chris Tyree,WR,Virginia
402,J.C. Davis,OT,Illinois
403,John Campbell Jr.,OT,Tennessee
404,Aaron Lewis,EDGE,Rutgers
405,De'Rickey Wright,LB,Vanderbilt
406,Ben Sauls,K,Pittsburgh
407,Nate Noel,RB,Missouri
408,Jerjuan Newton,WR,Toledo
409,Glendon Miller,S,Maryland
410,Josh Priebe,IOL,Michigan
411,Joey Slackman,DL,Florida
412,Cam'Ron Silmon-Craig,S,Colorado
413,Gaethan Bernadel,LB,Stanford
414,John Pius,EDGE,Wisconsin
415,Alex Raynor,K,Kentucky
416,Elijah Williams,DL,Morgan St.
417,Nash Jones,IOL,Texas St.
418,Moose Muhammad III,WR,Texas A&M
419,Jordan Williams,OT,Georgia Tech
420,Myles Price,WR,Indiana
421,Adin Huntington,DL,Tulane
422,Tommy Mellott,QB,Montana St.
423,Jermayne Lole,DL,Texas
424,Jason Ivey,OT,NC A&T
425,Fentrell Cypress II,CB,Florida State
426,Shamari Simmons,S,Arizona St.
427,Davonte Brown,CB,Florida State
428,David Spaulding,CB,South Carolina
429,Malcolm Ray,DL,Rutgers
430,Dymere Miller,WR,Rutgers
431,Corey Thornton,S,Louisville
432,Mario Anderson Jr.,RB,Memphis
433,Tre'vonn Rybka,DL,Kentucky
434,Kamren Fabiculanan,S,Washington
435,Marshall Foerner,OT,Minnesota State
436,Sean Martin,DL,West Virginia
437,Tyler Loop,K,Arizona
438,Ja'seem Reed,WR,San Diego
439,Marques Cox,OT,Kentucky
440,Kobe Pace,RB,Virginia
441,Bill Norton,DL,Texas
442,DeShon Singleton,S,Nebraska
443,Garmon Randolph,DL,Baylor
444,Jared Penning,IOL,Northern Iowa
445,Greg Penn III,LB,LSU
446,Brandon Brown,DL,UTSA
447,Omari Thomas,DL,Tennessee
448,Brian Stevens,IOL,Virginia
449,Payton Thorne,QB,Auburn
450,Tyler Grubbs,LB,Tulane
